standard_id,component_id
6ba1905b-d7cc-11e8-824f-0242ac160002,14047f66-56ba-59f0-b582-2af921aab0e6
6ba1905b-d7cc-11e8-824f-0242ac160002,4671de27-b1dd-5e8a-a985-0b1e2e42082d
6b9f8f43-d7cc-11e8-824f-0242ac160002,0c5dbe5b-eb42-5e3f-a345-2c1982961790
6b9f8f43-d7cc-11e8-824f-0242ac160002,1eba2459-09b5-5633-b32b-db28212d846b
6b9d8424-d7cc-11e8-824f-0242ac160002,07f4ca9a-f0ef-53e5-a387-4b5d049185a1
6b9d8424-d7cc-11e8-824f-0242ac160002,f56c2e0b-ff61-55b2-8eac-4b069a784d31
6b9e7a98-d7cc-11e8-824f-0242ac160002,0396ab7c-b6e4-5fc1-b098-ec364e56f022
6b9e7a98-d7cc-11e8-824f-0242ac160002,68bf454a-c926-5337-af32-8c0a4d993320
6b9e7a98-d7cc-11e8-824f-0242ac160002,b6582c34-bfdd-5028-8ff9-a31d50b19ce5
6ba22e04-d7cc-11e8-824f-0242ac160002,88b14085-880b-52a9-8914-e6b8c8a8e077
6ba22e04-d7cc-11e8-824f-0242ac160002,eefa37d0-e3d7-53cd-9e91-f877889b7db0
6b9e34fb-d7cc-11e8-824f-0242ac160002,b9d27304-5ca2-57b9-968d-e5c946985513
6b9bfea2-d7cc-11e8-824f-0242ac160002,10e69fc1-7f7a-56a5-b13d-8d8bab6e5674
6b9bfea2-d7cc-11e8-824f-0242ac160002,1f95ef88-6b5b-5b50-acab-79a69f51f872
6b9bfea2-d7cc-11e8-824f-0242ac160002,27812e5c-a04d-549c-8341-4ab7bccdb688
6b9bfea2-d7cc-11e8-824f-0242ac160002,2f646a05-2fae-5a36-962a-94bc9453ad83
6b9bfea2-d7cc-11e8-824f-0242ac160002,3a80eead-6bf5-522c-a824-9570862ece16
6b9bfea2-d7cc-11e8-824f-0242ac160002,559a6e78-4316-5d90-95de-004872285c49
6b9bfea2-d7cc-11e8-824f-0242ac160002,70453a52-6c2e-5f51-8360-d7176bee3ff5
6b9bfea2-d7cc-11e8-824f-0242ac160002,ba8dce38-25fb-5155-b5df-d4084be22ba8
6b9bfea2-d7cc-11e8-824f-0242ac160002,c69a41b7-0f98-5837-8a08-bc749f9e0a26
6b9bfea2-d7cc-11e8-824f-0242ac160002,d6ead46a-e7cd-5534-ae61-3badfc31fa26
6b9e8364-d7cc-11e8-824f-0242ac160002,3a925711-3572-5ea7-93c7-3b5ca7ce0e5d
6b9e8364-d7cc-11e8-824f-0242ac160002,91be6280-69b5-5005-aceb-21de46856e86
6ba16606-d7cc-11e8-824f-0242ac160002,52099373-73ba-51af-86c0-c3fa57c49dec
6ba16606-d7cc-11e8-824f-0242ac160002,7f73d67f-1970-5831-9fb9-c7324f552413
6b9c9637-d7cc-11e8-824f-0242ac160002,4ae29496-ad30-54cb-8b3d-0c5472c7d2f9
6b9c9637-d7cc-11e8-824f-0242ac160002,555df2b6-7a87-5114-8ba5-398a82a7f6e3
6b9c9637-d7cc-11e8-824f-0242ac160002,67200ac5-9ecb-5f5d-975c-a343ea14082b
6b9f97c6-d7cc-11e8-824f-0242ac160002,34fbe045-f7dc-5086-9079-2d35e254c9fe
6b9f97c6-d7cc-11e8-824f-0242ac160002,78be5909-caa1-57b4-863b-b8424dbad63b
6b9ff914-d7cc-11e8-824f-0242ac160002,22098a76-50b2-5d73-8c84-6c8a436a8aa0
6b9ff914-d7cc-11e8-824f-0242ac160002,370f42c5-303d-5239-acb6-262fef986998
6b9ff914-d7cc-11e8-824f-0242ac160002,3bc46cc4-1dd7-546f-9ffd-138b27d535d1
6b9ff914-d7cc-11e8-824f-0242ac160002,414ec184-bad9-54a7-a34f-a77dfdf9c0f9
6b9ff914-d7cc-11e8-824f-0242ac160002,8b731d33-c19b-5567-909c-26ea35d247d1
6b9ff914-d7cc-11e8-824f-0242ac160002,c9233a4b-7017-5a51-964b-5d6377c07a31
6ba237aa-d7cc-11e8-824f-0242ac160002,b1b23bda-9699-55f0-943b-e10052fbc0c3
6ba237aa-d7cc-11e8-824f-0242ac160002,e9caada8-124e-5265-91c5-b8d2f7571230
6ba237aa-d7cc-11e8-824f-0242ac160002,edec9d04-be62-5087-ae21-2002b7765473
6b9da1fd-d7cc-11e8-824f-0242ac160002,9646cd38-fc5d-59a7-9728-df655c9afa69
6b9da1fd-d7cc-11e8-824f-0242ac160002,acdc1dd7-24da-553a-929c-bd2ce8e09121
6b9da1fd-d7cc-11e8-824f-0242ac160002,b0669eef-f6e8-5fec-9b0d-a4104550c92e
6b9da1fd-d7cc-11e8-824f-0242ac160002,e30dbc0a-a929-5846-bc1d-9c5d3b24400d
6b9ecb67-d7cc-11e8-824f-0242ac160002,7d5e2ea9-0bac-5822-8c15-f5bf1ea6309b
6b9ecb67-d7cc-11e8-824f-0242ac160002,bd0c4c17-8426-507e-9615-64ed2eca7270
6b9d484a-d7cc-11e8-824f-0242ac160002,2abe1331-000f-535d-9dca-ea14efc72a5f
6b9d484a-d7cc-11e8-824f-0242ac160002,3d94e385-0372-5d24-aa7d-0af24425f245
6b9d484a-d7cc-11e8-824f-0242ac160002,9432b8e1-ebd3-5962-a190-080bc5687ace
6b9d484a-d7cc-11e8-824f-0242ac160002,a05de981-d7cc-55b5-8b8e-d0640a9f3d67
6b9d484a-d7cc-11e8-824f-0242ac160002,a16722fd-5811-5b22-9e40-ed3218acd6b3
6b9d484a-d7cc-11e8-824f-0242ac160002,e13cdaca-ec2b-52fd-94aa-01aed2a01332
6b9d484a-d7cc-11e8-824f-0242ac160002,ef9f46a3-ac8f-5b36-96e8-fbe81b1aa280
6b9f0c6f-d7cc-11e8-824f-0242ac160002,8b702e5a-6cb6-5a06-8e68-f99b7d2cec25
6b9f0c6f-d7cc-11e8-824f-0242ac160002,f407bb54-f091-54bb-8928-5c7af6f88ddf
6ba1ff7c-d7cc-11e8-824f-0242ac160002,78e03758-731e-5143-9aba-2b60b3f9b013
6ba103ab-d7cc-11e8-824f-0242ac160002,e24232f5-bf99-599b-a631-d7c6f51020d2
6ba0f981-d7cc-11e8-824f-0242ac160002,75c742eb-4313-54fa-b3a3-7d7c685e74a3
6ba0f981-d7cc-11e8-824f-0242ac160002,855181d6-1d1c-58c0-9375-82fa7b4f3bf2
6ba0f981-d7cc-11e8-824f-0242ac160002,f8f5591d-10d6-5d7d-8206-79f85534e22c
6ba017c6-d7cc-11e8-824f-0242ac160002,165b6006-2a0c-573c-8e7b-4253658b3c25
6ba017c6-d7cc-11e8-824f-0242ac160002,19124e02-e18e-5967-822e-c97d936f9f8c
6ba017c6-d7cc-11e8-824f-0242ac160002,f2f4bc7b-f00f-5a76-85a7-b57e4dd7909c
6b9c54a3-d7cc-11e8-824f-0242ac160002,0b6078ae-9225-5c0b-bcd6-c0ec9eaf6ed3
6b9c54a3-d7cc-11e8-824f-0242ac160002,168bf44c-0f5d-5039-a57d-f353e4f7a865
6b9c54a3-d7cc-11e8-824f-0242ac160002,201f5a2d-e18a-522a-8b6f-3aeb93d1ea8f
6b9c54a3-d7cc-11e8-824f-0242ac160002,20caf1dd-aefc-5994-802f-edc289b44d9f
6b9c54a3-d7cc-11e8-824f-0242ac160002,247500f3-fd66-591c-97aa-02e85cf0c94a
6b9c54a3-d7cc-11e8-824f-0242ac160002,2494e2de-3d30-5e88-a10e-087f82fa6a78
6b9c54a3-d7cc-11e8-824f-0242ac160002,25ceb601-2e45-5e73-acc8-3b2faab4765b
6b9c54a3-d7cc-11e8-824f-0242ac160002,2e291362-0e37-5b14-83d5-4279cbf0ddd0
6b9c54a3-d7cc-11e8-824f-0242ac160002,2ffc0dff-6308-50a2-8169-2824990d2012
6b9c54a3-d7cc-11e8-824f-0242ac160002,341ea56a-5675-51d7-a2bc-bfbcb841784e
6b9c54a3-d7cc-11e8-824f-0242ac160002,381baa6d-e842-5f7e-a80e-4d7da491937b
6b9c54a3-d7cc-11e8-824f-0242ac160002,3abd1adb-d141-5fb7-a631-b846ae574ade
6b9c54a3-d7cc-11e8-824f-0242ac160002,44f95431-dc63-5839-8b34-f609a2911662
6b9c54a3-d7cc-11e8-824f-0242ac160002,4a4e1096-0f2a-5fe8-abfe-feabc2558ea3
6b9c54a3-d7cc-11e8-824f-0242ac160002,4c5acfed-6bdf-5c69-a8ea-8199c79fa370
6b9c54a3-d7cc-11e8-824f-0242ac160002,4ebd838a-59cf-5551-a413-213d019ae817
6b9c54a3-d7cc-11e8-824f-0242ac160002,572e9ce7-94d9-5853-8434-e04976e896be
6b9c54a3-d7cc-11e8-824f-0242ac160002,6e118b02-6bd2-59a5-b213-94813576f59e
6b9c54a3-d7cc-11e8-824f-0242ac160002,6f836060-df22-54a9-8b03-987f68ccd782
6b9c54a3-d7cc-11e8-824f-0242ac160002,72042a25-9586-56f7-a939-d1a7e94756e6
6b9c54a3-d7cc-11e8-824f-0242ac160002,7262597f-1b87-58d4-99c3-91f159a3e22b
6b9c54a3-d7cc-11e8-824f-0242ac160002,7714f415-8b26-5cca-9bee-f31697eaa90a
6b9c54a3-d7cc-11e8-824f-0242ac160002,7a685f35-289a-59d0-b892-46be6445ad8e
6b9c54a3-d7cc-11e8-824f-0242ac160002,7bb7260e-dbe9-5824-aac0-02ce0fb074e6
6b9c54a3-d7cc-11e8-824f-0242ac160002,7e4d374c-7a24-5d0e-bf5d-df8c371e0e99
6b9c54a3-d7cc-11e8-824f-0242ac160002,7fa26e65-dabd-5c32-9f02-90cbc8d315c1
6b9c54a3-d7cc-11e8-824f-0242ac160002,959c65ae-0389-56d8-805e-a21c25973b3d
6b9c54a3-d7cc-11e8-824f-0242ac160002,9a11be70-bc9a-52b2-a76a-50c1c9b21da5
6b9c54a3-d7cc-11e8-824f-0242ac160002,9f41ca74-48e5-52a0-9b3a-df07d58fc8b2
6b9c54a3-d7cc-11e8-824f-0242ac160002,a1229cde-8ea7-5a4e-a3c2-fd00a94ba61e
6b9c54a3-d7cc-11e8-824f-0242ac160002,acd78dfd-24f9-54e5-bc5e-8968c67c1dc3
6b9c54a3-d7cc-11e8-824f-0242ac160002,acfc0029-ee45-5894-af7c-5463945154e4
6b9c54a3-d7cc-11e8-824f-0242ac160002,aea86a4c-972e-52fe-8b0b-5f4b8e917b06
6b9c54a3-d7cc-11e8-824f-0242ac160002,bdbd4009-a84d-5a76-b360-ed82124b8858
6b9c54a3-d7cc-11e8-824f-0242ac160002,bf1f3c1c-e240-5ea9-953c-fd542b146193
6b9c54a3-d7cc-11e8-824f-0242ac160002,c7704833-fde5-531f-8148-858979290236
6b9c54a3-d7cc-11e8-824f-0242ac160002,cc64bba3-b517-5c0a-a4ab-3416bd8c4f90
6b9c54a3-d7cc-11e8-824f-0242ac160002,dcebba18-68d9-5c60-bc7e-dd92df78d516
6b9c54a3-d7cc-11e8-824f-0242ac160002,e1ea4b5b-25dd-560d-a6be-86974b1f8ff1
6b9c54a3-d7cc-11e8-824f-0242ac160002,e5c2ed40-fb82-5cd5-a5ab-aad2a322f64f
6b9c54a3-d7cc-11e8-824f-0242ac160002,e903ca04-e689-5d23-905c-2e3c038367ed
6b9d6fe1-d7cc-11e8-824f-0242ac160002,41261db0-5e95-5198-ae17-0e905db9ab53
6b9d6fe1-d7cc-11e8-824f-0242ac160002,75924fc9-b2ad-5273-b21d-e7b8c262153a
6b9c859b-d7cc-11e8-824f-0242ac160002,e2c041dc-be4f-55ae-b02c-ac6e09b82173
6b9c859b-d7cc-11e8-824f-0242ac160002,e3333e44-9d4e-54a9-a427-00f3523532f9
6b9c1708-d7cc-11e8-824f-0242ac160002,051034c9-6867-50df-81ba-8a5dc6629e8e
6b9c1708-d7cc-11e8-824f-0242ac160002,ba0b5da7-336a-54af-bc1d-c4fbceb2df62
6b9c342f-d7cc-11e8-824f-0242ac160002,48cb8621-0c51-560b-a565-ddd9f6e5f5fc
6b9c342f-d7cc-11e8-824f-0242ac160002,9ffdee4b-84bd-56cd-b894-fbec5c1df544
6b9c342f-d7cc-11e8-824f-0242ac160002,f75552e4-5ff9-5df8-a686-b30b0b1f19f7
6b9f8362-d7cc-11e8-824f-0242ac160002,0edaa02c-0e8e-5b84-a494-665b641dba4b
6b9f8362-d7cc-11e8-824f-0242ac160002,c7ca6f31-ac92-53a4-aa20-6cd3ccb6b797
6b9f8362-d7cc-11e8-824f-0242ac160002,fbbff3cd-ef58-5383-ab5a-94c445fcd933
6ba03dbb-d7cc-11e8-824f-0242ac160002,54e86591-b40f-5d88-96fd-74fd2880ba83
6ba03dbb-d7cc-11e8-824f-0242ac160002,9af7bd3c-21c3-5f1f-8e5d-0315073e3484
6ba03dbb-d7cc-11e8-824f-0242ac160002,cf3900ab-a5e5-5e0d-a3a9-f1e9a8680981
6ba03dbb-d7cc-11e8-824f-0242ac160002,f25112a6-9606-5267-8aa5-08cc8949b6f5
6ba03dbb-d7cc-11e8-824f-0242ac160002,fca56ad3-1cb6-5e33-b69a-ac15d756deca
6b9f0737-d7cc-11e8-824f-0242ac160002,4a3655e0-0275-5949-a449-f9b8088763bf
6b9f0737-d7cc-11e8-824f-0242ac160002,4d3237bd-56eb-5b2c-9e0f-47a73d0e57b4
6b9f0737-d7cc-11e8-824f-0242ac160002,52473267-d034-5618-be1d-904cf3c06fd2
6b9f0737-d7cc-11e8-824f-0242ac160002,a904613a-b364-5f0b-ae0e-71ab92e51a41
6b9f0737-d7cc-11e8-824f-0242ac160002,cb330a1c-ce97-5881-a22f-6afdf45c205d
6ba2703e-d7cc-11e8-824f-0242ac160002,0bd082cc-be74-564c-9cf4-941f5d959507
6ba2703e-d7cc-11e8-824f-0242ac160002,2ab6ac49-716f-507d-bce0-a9696013c6b2
6ba2703e-d7cc-11e8-824f-0242ac160002,ffd9dc15-b8f1-527e-a374-a6c04d8f6bd7
6ba02461-d7cc-11e8-824f-0242ac160002,755f16f4-088e-5f11-bd81-06674000ca1e
6b9c1d5d-d7cc-11e8-824f-0242ac160002,79506838-311e-5599-a93e-a9d03c0d80ab
6b9c1d5d-d7cc-11e8-824f-0242ac160002,9355ee95-a7a5-5a41-89e1-8ffaef80af0b
6b9ff310-d7cc-11e8-824f-0242ac160002,12b69651-752f-5e48-b838-0c669df35b64
6b9ff310-d7cc-11e8-824f-0242ac160002,306ce9f4-0018-504d-bf10-70d68c8563ec
6b9ff310-d7cc-11e8-824f-0242ac160002,60a51673-b0e6-57d6-840c-64a3c5b61cc0
6b9dd100-d7cc-11e8-824f-0242ac160002,10c58598-1ea8-523a-b29b-b997668dbe27
6b9dd100-d7cc-11e8-824f-0242ac160002,50ac7ad4-c4f0-564c-9bf6-53542b1a5a9a
6b9dd100-d7cc-11e8-824f-0242ac160002,56754811-3d83-5040-9e36-fdda3d57d4a1
6b9dd100-d7cc-11e8-824f-0242ac160002,5c48ad41-0fdb-53b7-9222-dcf3262b9912
6b9dd100-d7cc-11e8-824f-0242ac160002,eb90163e-9db9-5375-bad3-4287deb4a71b
6b9dd100-d7cc-11e8-824f-0242ac160002,f22b9881-4f43-544c-be55-de8e3edc5f85
6b9d59e4-d7cc-11e8-824f-0242ac160002,14c9562d-c985-5d98-8fe5-a8551e0a20ff
6b9d59e4-d7cc-11e8-824f-0242ac160002,39c782cc-8c89-5974-98b8-a3158125e227
6b9d59e4-d7cc-11e8-824f-0242ac160002,53dba7fb-c548-5f5b-88cd-e657ec2114d7
6b9d59e4-d7cc-11e8-824f-0242ac160002,a275a470-8fa8-5bbe-bc69-d7d90b8b1137
6b9d59e4-d7cc-11e8-824f-0242ac160002,c4a38f79-95a9-5e1b-a031-b214f46d8307
6ba1e7bb-d7cc-11e8-824f-0242ac160002,646e93bc-23b5-57bc-9e03-b7ae4f4ef83c
6ba18ab1-d7cc-11e8-824f-0242ac160002,471f63ab-db68-5f3d-ba18-8add02ec2b2a
6b9ef36a-d7cc-11e8-824f-0242ac160002,1944c542-6fe1-5883-beee-d6fe87cc5e7f
6b9ef36a-d7cc-11e8-824f-0242ac160002,411f2a23-973d-5338-9a16-93f6c252b221
6b9ef36a-d7cc-11e8-824f-0242ac160002,443d082c-df90-5586-8d15-fc375f4a8b4f
6b9ef36a-d7cc-11e8-824f-0242ac160002,5f3a9252-5252-54ed-9c00-f4c910b3b9a4
6b9ef36a-d7cc-11e8-824f-0242ac160002,6c340f89-4534-5ed4-acee-bb1e959071d4
6b9ef36a-d7cc-11e8-824f-0242ac160002,b2a9431b-e28d-5c7c-8a46-e0012eef91b8
6b9ef36a-d7cc-11e8-824f-0242ac160002,c6f0747b-6ee8-5e35-95d9-d25d8f5debc6
6b9ef36a-d7cc-11e8-824f-0242ac160002,c8e759d8-4ed5-597d-a8ae-6a20147a354d
6b9ef36a-d7cc-11e8-824f-0242ac160002,dab9e9b0-faa3-5080-9f2e-ac82c0ba0346
6b9ef36a-d7cc-11e8-824f-0242ac160002,dd4d95c3-4e5b-511f-b490-f0bf52638e99
6b9ef36a-d7cc-11e8-824f-0242ac160002,e1ce9802-e05b-541d-ae86-641087a49faf
6b9d86d6-d7cc-11e8-824f-0242ac160002,bac2efb6-afa7-518d-be33-714f3a956905
6b9d86d6-d7cc-11e8-824f-0242ac160002,e96d5914-1b25-5d07-80e5-ce0d9fdf863f
6ba1f961-d7cc-11e8-824f-0242ac160002,1d180a4e-19ec-5ad6-9d2a-067e7bff23c2
6ba1f961-d7cc-11e8-824f-0242ac160002,2474815e-4b0c-598c-88a4-cbf10ba11108
6b9d91e7-d7cc-11e8-824f-0242ac160002,4f1cf322-82e0-543b-9d80-c2fa79085fd8
6b9d91e7-d7cc-11e8-824f-0242ac160002,50e80b33-1c0f-5235-a050-ad43976cf7bf
6b9d91e7-d7cc-11e8-824f-0242ac160002,702b51aa-2ef8-51f2-af94-7cc53c8a95f6
6b9d91e7-d7cc-11e8-824f-0242ac160002,c5bb6f18-50f3-50b4-90bb-1392694c0f42
6b9d91e7-d7cc-11e8-824f-0242ac160002,ddd1228a-24ee-5140-a3ea-fff93d8393ae
6b9ef0eb-d7cc-11e8-824f-0242ac160002,0c75837c-d3e8-5e87-beb6-c650eb6fa077
6b9ef0eb-d7cc-11e8-824f-0242ac160002,2687e8fb-2c68-509e-8ca5-56ca08ba3999
6b9ef0eb-d7cc-11e8-824f-0242ac160002,4cc1921c-003d-59bb-89e5-903826594253
6b9ef0eb-d7cc-11e8-824f-0242ac160002,52ad9e03-d6ad-59cf-92b6-983a59f9b7d4
6b9ef0eb-d7cc-11e8-824f-0242ac160002,93a8423a-e120-52d3-827c-2db0fde2a923
6b9ef0eb-d7cc-11e8-824f-0242ac160002,c34d178e-5417-5849-b054-e0fbf5c99ef2
6b9ef0eb-d7cc-11e8-824f-0242ac160002,cad5a87d-5b70-5a8c-b648-138054ab306a
6b9ef0eb-d7cc-11e8-824f-0242ac160002,d4407237-ea99-5f02-960e-4ae6eedc96fb
6b9ef0eb-d7cc-11e8-824f-0242ac160002,d4f29aa5-6c36-5c69-b6d4-d3fa66b70d22
6b9ef0eb-d7cc-11e8-824f-0242ac160002,d6c129bf-c684-51b3-977f-4b56b2be79db
6b9ef0eb-d7cc-11e8-824f-0242ac160002,dc8db438-33f2-5239-8957-e25cdaa9e5e0
6ba1eada-d7cc-11e8-824f-0242ac160002,768d53ed-5358-5708-91c3-53b1df5c189f
6ba0ccae-d7cc-11e8-824f-0242ac160002,05d0879f-43a5-5797-aab7-8083cb9f02a9
6ba0ccae-d7cc-11e8-824f-0242ac160002,561ace34-8a42-5c1b-b84d-1c6bf2aab9ad
6ba0ccae-d7cc-11e8-824f-0242ac160002,f0f82964-123f-5298-83db-afe8b99620b7
6ba03a8f-d7cc-11e8-824f-0242ac160002,32458a68-9a3b-5f62-afa1-99e3e31b9c19
6ba03a8f-d7cc-11e8-824f-0242ac160002,5d2ed8f0-95cd-5086-abd6-54ce74e789e2
6ba03a8f-d7cc-11e8-824f-0242ac160002,93ef1daf-e4e0-56d7-ada3-397bbce1bd5b
6b9c6a73-d7cc-11e8-824f-0242ac160002,d0dc7a0d-45e1-5e0c-b941-4f8f63442879
6b9c3d7d-d7cc-11e8-824f-0242ac160002,3b3c207c-2fbb-594f-bc16-aef719637e52
6b9c3d7d-d7cc-11e8-824f-0242ac160002,f26b664c-7aaf-5f47-bd64-6bd2d7574cca
6b9ef861-d7cc-11e8-824f-0242ac160002,13103f2c-f538-50eb-90e7-440094c0e723
6b9ef861-d7cc-11e8-824f-0242ac160002,412a2d72-fda1-5c7d-9781-9329a5bf1f04
6b9ef861-d7cc-11e8-824f-0242ac160002,49eb9d6a-a869-5dea-9f38-8577e21e8b91
6b9ef861-d7cc-11e8-824f-0242ac160002,bf631804-8622-56ee-ba38-16984854c49c
6b9d73cd-d7cc-11e8-824f-0242ac160002,52ffb8ee-c70d-5076-b2c6-8f3a1b435fa9
6b9d73cd-d7cc-11e8-824f-0242ac160002,9ddaee28-59fe-5fc5-8752-07e538ce90da
6b9ebf9b-d7cc-11e8-824f-0242ac160002,0f972f57-4f94-5bc2-816e-cd7e819a9442
6b9ebf9b-d7cc-11e8-824f-0242ac160002,24cff8cf-a4e1-5427-8d3b-dc20d19489ed
6b9ebf9b-d7cc-11e8-824f-0242ac160002,b404ce7e-82bd-5265-8b6f-843ac9118599
6ba24537-d7cc-11e8-824f-0242ac160002,a766ca44-c654-505f-a2b9-b2f1e3b468b4
6ba0b1df-d7cc-11e8-824f-0242ac160002,7782ce05-1218-5a88-8d2c-ef908e4d8fb4
6b9f77af-d7cc-11e8-824f-0242ac160002,8119c47d-f394-50ff-b630-f4aa64763b52
6b9f77af-d7cc-11e8-824f-0242ac160002,f38825db-1963-5e02-85ea-b722bff5635a
6b9f77af-d7cc-11e8-824f-0242ac160002,f57f8f6c-ec91-5b37-9632-fdb36c088666
6b9be86e-d7cc-11e8-824f-0242ac160002,42d2f53f-81ba-5799-8f91-a43902da4d78
6b9be86e-d7cc-11e8-824f-0242ac160002,511b5ebb-36d0-59c0-9308-4452ce5300eb
6b9be86e-d7cc-11e8-824f-0242ac160002,9d9fd685-c4d8-58ac-b98c-3a5aad283b9d
6b9be86e-d7cc-11e8-824f-0242ac160002,c1eb6d51-b8df-5ce4-ab03-314750e960b8
6b9dbb12-d7cc-11e8-824f-0242ac160002,fd70ea61-d4b0-5e5a-aecf-82bf0aff6480
6ba12b02-d7cc-11e8-824f-0242ac160002,22156372-ad11-5837-9b62-4489288590bb
6ba12b02-d7cc-11e8-824f-0242ac160002,4c975388-0779-5402-ac2e-eda40bc3a324
6ba12b02-d7cc-11e8-824f-0242ac160002,a40a923f-8622-5b74-aa84-849e70cfbf65
6ba25656-d7cc-11e8-824f-0242ac160002,29c42ed3-da20-5288-a4b1-c72989c97fe4
6ba25656-d7cc-11e8-824f-0242ac160002,7be9b24a-c5cc-5882-adae-ac60664a1864
6ba25656-d7cc-11e8-824f-0242ac160002,a997e206-ba00-5087-9ac7-f301f2eb9841
6ba1cd94-d7cc-11e8-824f-0242ac160002,2d077eff-1399-5272-8c90-1970ed3c315b
6ba07a82-d7cc-11e8-824f-0242ac160002,c15920a0-cd97-5424-aab0-693100eab9ee
6b9ca5d9-d7cc-11e8-824f-0242ac160002,2445741d-152c-50b2-9c29-9bf55c047418
6b9ca5d9-d7cc-11e8-824f-0242ac160002,51ebaa2d-8bd9-5614-9ed2-2cef16cd341e
6b9ca5d9-d7cc-11e8-824f-0242ac160002,5ac573e0-035f-57d1-80ee-08510bfe8557
6b9ca5d9-d7cc-11e8-824f-0242ac160002,6cb4db86-2142-5dfe-806c-9e31ca5ef65d
6b9ca5d9-d7cc-11e8-824f-0242ac160002,d1013e8f-56fc-5553-b839-ab5eacf5e7c9
6ba0df6b-d7cc-11e8-824f-0242ac160002,37366bc7-5746-5a1c-bf97-577a56df2b9e
6ba0df6b-d7cc-11e8-824f-0242ac160002,87aec89a-e355-5021-9f76-17d56b743547
6ba07db3-d7cc-11e8-824f-0242ac160002,d822a3cc-0e07-5871-9344-0b1a3d830c43
6b9e283e-d7cc-11e8-824f-0242ac160002,1a91a235-2a8d-5ad7-930f-758df472b2b6
6b9e283e-d7cc-11e8-824f-0242ac160002,8a82f241-5bc1-5ba7-9a24-ed9c72a581d2
6b9e283e-d7cc-11e8-824f-0242ac160002,92e853a7-1f4a-57df-af59-5303d1ce5f1f
6b9e283e-d7cc-11e8-824f-0242ac160002,984b8dc3-b5db-551f-9af5-b44b06aaa40c
6ba014b5-d7cc-11e8-824f-0242ac160002,d7f72fb7-cf73-5e6f-b121-de26302ed7cd
6ba014b5-d7cc-11e8-824f-0242ac160002,fa6fd745-8337-55b1-a05b-f7f6234543a9
6ba02a8f-d7cc-11e8-824f-0242ac160002,a161c501-80f8-5a7c-886f-912181c6bb10
6b9f7d68-d7cc-11e8-824f-0242ac160002,779be2f1-070a-5d68-9928-0025fa62985f
6b9f7d68-d7cc-11e8-824f-0242ac160002,82575afc-11d9-5184-afb7-76e36fb4384b
6ba176a2-d7cc-11e8-824f-0242ac160002,21594cad-4891-5f65-97a1-5324e6d58a36
6ba176a2-d7cc-11e8-824f-0242ac160002,a1024467-ced8-57d5-ab8d-b9af6bca0f9c
6ba176a2-d7cc-11e8-824f-0242ac160002,efb98db3-4a8d-53aa-a306-54666ddf7da3
6b9c70b3-d7cc-11e8-824f-0242ac160002,87046098-2a74-5ba0-998c-6d34f6a54c4f
6b9c70b3-d7cc-11e8-824f-0242ac160002,e19d5ffa-5eb9-5a2b-bd02-313130cf64f5
